customer_id,name,email,phone,city,join_date
CUST-10000,Aadhya Lala,ghoshfalak@example.org,04041386033,Abu Dhabi,2024-06-20
CUST-10001,Abhiram Prabhakar,andrewramakrishnan@example.net,+911085882136,Sharjah,2025-12-21
CUST-10002,Dalaja Prakash,ukhalsa@example.com,9074866481,Dubai,2025-07-02
CUST-10003,Libni Shah,balasubramanianishaan@example.com,+918779418856,Ajman,2026-03-30
CUST-10004,Joshua Wali,odhar@example.com,01416180101,Abu Dhabi,2024-07-02
CUST-10005,Faraj Mangal,amritabath@example.com,1535607784,Ajman,2025-09-06
CUST-10006,Balvan Comar,xiti57@example.net,07038445683,Abu Dhabi,2024-04-11
CUST-10007,Vinaya Agate,davidbassi@example.net,07994966746,Ajman,2025-03-12
CUST-10008,Gunbir Sharma,maanasmangal@example.net,+911195181956,Dubai,2026-01-06
CUST-10009,Wishi Rau,cherianjanaki@example.com,01833143552,Dubai,2025-07-23
CUST-10010,Bimala Dyal,kallazayyan@example.com,04529130292,Dubai,2026-04-06
CUST-10011,Leela Dara,tkapadia@example.net,3140374674,Abu Dhabi,2025-06-16
CUST-10012,Rohan Sharaf,ymagar@example.net,08060762014,Sharjah,2024-08-29
CUST-10013,Dayita Kar,vchander@example.net,+911636557505,Sharjah,2026-02-27
CUST-10014,Charvi Dube,kdivan@example.org,+915953743606,Sharjah,2025-09-09
CUST-10015,Chaitanya Ramaswamy,tanvipalla@example.org,01264214813,Ajman,2025-10-08
CUST-10016,Jagdish Sant,ira01@example.org,+910160746375,Dubai,2025-03-27
CUST-10017,Baghyawati Pall,shivanibhattacharyya@example.org,1136979350,Sharjah,2025-10-21
CUST-10018,Dhriti Ramesh,hyohannan@example.org,04509157681,Ajman,2024-11-29
CUST-10019,Vyanjana Nayak,krishna55@example.org,03010449851,Abu Dhabi,2024-12-07
CUST-10020,Hamsini Lata,pillaibhavika@example.net,+916098893639,Abu Dhabi,2024-07-18
CUST-10021,Max Jha,azad77@example.com,9486581672,Sharjah,2024-11-07
CUST-10022,Parth Nagi,swaminathanadvay@example.org,02960939876,Abu Dhabi,2025-08-28
CUST-10023,Falak Mahajan,buppal@example.org,07817454816,Ajman,2024-06-29
CUST-10024,Omya Saha,qverma@example.org,02570325292,Ajman,2025-11-04
CUST-10025,Lopa Magar,victor44@example.com,7724051671,Ajman,2024-07-25
CUST-10026,Samuel Mand,gautami96@example.org,+918568509308,Ajman,2025-01-14
CUST-10027,Zashil Patel,ekarajdeshmukh@example.com,2210300227,Abu Dhabi,2025-09-06
CUST-10028,Rajeshri Bumb,vyaschaaya@example.net,04877626593,Dubai,2024-11-23
CUST-10029,Darsh Gade,gbhatt@example.org,00074752973,Sharjah,2025-02-27
CUST-10030,Vasudha Chopra,leela73@example.net,06467962080,Abu Dhabi,2024-07-24
CUST-10031,Leena Divan,pjhaveri@example.com,01935749954,Abu Dhabi,2024-11-28
CUST-10032,Yuvraj Hari,dalbir79@example.org,00296015731,Dubai,2025-07-15
CUST-10033,Zaid Bhandari,ughosh@example.com,+914066429108,Ajman,2024-12-03
CUST-10034,Daksha Gopal,ukhalsa@example.com,01190430949,Sharjah,2024-12-08
CUST-10035,Yadavi Oak,arya16@example.org,+914910912138,Ajman,2025-02-27
CUST-10036,Robert Bajaj,zbrahmbhatt@example.com,+918094216769,Abu Dhabi,2025-12-07
CUST-10037,Kamya Varty,waliaindira@example.com,+913144423251,Ajman,2024-08-08
CUST-10038,Ganga Tella,panditinaya@example.net,08400007550,Dubai,2025-09-21
CUST-10039,Yug Pathak,onkarbanik@example.com,09883186711,Abu Dhabi,2024-04-27
CUST-10040,Wridesh Shere,nsengupta@example.org,+919508590334,Dubai,2026-03-21
CUST-10041,Zaitra Lata,chanakyapandya@example.org,03861460716,Ajman,2025-07-29
CUST-10042,Gaurika Gokhale,sudikshaacharya@example.com,0555029613,Ajman,2025-01-30
CUST-10043,Chaaya Gupta,hedwin@example.org,+911177460277,Dubai,2026-02-10
CUST-10044,Chakrika Setty,mahaltamanna@example.com,06116847201,Sharjah,2025-01-07
CUST-10045,Advik Mohan,ladlilalla@example.com,0022565953,Abu Dhabi,2024-11-22
CUST-10046,Chasmum Sankaran,sathvikpurohit@example.com,00043163582,Sharjah,2024-06-27
CUST-10047,Akshay Hayre,udarshnagi@example.org,02228340690,Ajman,2024-08-27
CUST-10048,Ekaja Mangat,godayuvraj@example.com,06711295376,Sharjah,2024-05-13
CUST-10049,Unnati Dara,parmerekanta@example.org,04004542846,Dubai,2026-03-30
CUST-10050,Anthony Sami,urmi94@example.net,2336629644,Abu Dhabi,2025-03-20
CUST-10051,Jatin Prabhakar,warhisolanki@example.net,5542387595,Abu Dhabi,2025-09-26
CUST-10052,Idika Kata,xavier61@example.net,+919979346674,Abu Dhabi,2026-01-02
CUST-10053,Warda Pillai,vincentchaudhry@example.net,+917365848275,Abu Dhabi,2026-03-01
CUST-10054,Anmol Wali,vamakshichandra@example.net,00080004054,Ajman,2024-06-03
CUST-10055,Urishilla Naik,kumermitali@example.com,08536035515,Ajman,2024-08-04
CUST-10056,Aradhana Subramanian,datemadhavi@example.net,+911354116861,Ajman,2024-12-17
CUST-10057,Mitesh Rajan,radha00@example.org,07892093175,Sharjah,2026-02-15
CUST-10058,Jatin Gola,srinivasanfiyaz@example.com,04583978121,Dubai,2025-10-26
CUST-10059,Azad Chahal,georgemahajan@example.org,+917997558746,Dubai,2026-02-18
CUST-10060,Wriddhish Trivedi,jloke@example.com,05909811063,Sharjah,2024-06-03
CUST-10061,Suhani Dalal,bassisamarth@example.com,+913999481561,Abu Dhabi,2024-06-22
CUST-10062,Sanya Vasa,yashicamand@example.net,01949988054,Ajman,2025-01-26
CUST-10063,Ubika Choudhry,sradhakrishnan@example.net,5930967257,Abu Dhabi,2024-09-15
CUST-10064,Yatan Kuruvilla,jayaramanlila@example.com,8257663599,Ajman,2026-02-22
CUST-10065,Viraj Dhillon,vasudhabal@example.org,00089681581,Ajman,2024-10-14
CUST-10066,Wakeeta Bal,abha80@example.net,6946916244,Dubai,2025-05-19
CUST-10067,Harinakshi Kalla,bina24@example.com,+916395714091,Abu Dhabi,2026-01-24
CUST-10068,Avi Lad,gkapur@example.net,0260972931,Sharjah,2025-10-28
CUST-10069,Diya Bir,fpurohit@example.org,00285840728,Sharjah,2026-01-24
CUST-10070,Urvashi Chopra,viraj60@example.org,8549555727,Ajman,2025-01-22
CUST-10071,Ubika Handa,sandalosha@example.org,5523663173,Abu Dhabi,2024-06-19
CUST-10072,Yashodhara Karan,jalsa28@example.net,8582247103,Abu Dhabi,2025-12-16
CUST-10073,Zarna Deshmukh,dayitasahni@example.org,+911389190312,Sharjah,2025-10-15
CUST-10074,Anjali Baria,ramanathanliam@example.com,7442876253,Sharjah,2024-07-16
CUST-10075,Hredhaan Rai,radhika12@example.org,+910992951036,Ajman,2025-02-10
CUST-10076,Yasti Das,fdevi@example.net,4877179885,Abu Dhabi,2025-06-14
CUST-10077,Urvi Arya,indali86@example.com,+910604248890,Sharjah,2025-03-31
CUST-10078,Vivaan Pandya,reyanshyogi@example.org,03847396268,Abu Dhabi,2024-09-12
CUST-10079,Aishani Dewan,cghosh@example.org,6199931342,Dubai,2024-12-11
CUST-10080,Chasmum Om,shethandrew@example.org,08755938201,Dubai,2025-06-05
CUST-10081,Jeremiah Cheema,kadedeepa@example.com,0500386398,Sharjah,2025-11-12
CUST-10082,Amruta Baral,mbassi@example.net,8917230308,Dubai,2025-09-14
CUST-10083,Aayush Deo,aradhana27@example.com,06965340175,Abu Dhabi,2025-12-25
CUST-10084,Aditya Sarraf,chanakyakakar@example.net,02554699962,Sharjah,2025-06-02
CUST-10085,Chandresh Mani,lbaral@example.net,7846584466,Dubai,2024-09-18
CUST-10086,Hemangini Gill,unagi@example.com,07859131136,Sharjah,2025-04-06
CUST-10087,Harrison Dani,ksubramanian@example.com,02983329657,Abu Dhabi,2026-04-06
CUST-10088,Nirja Narain,aarnavnarang@example.com,07604345670,Abu Dhabi,2025-10-02
CUST-10089,Laban Kata,akadakia@example.com,2274306949,Abu Dhabi,2025-08-12
CUST-10090,Tripti Basak,libni38@example.com,00638019123,Sharjah,2025-12-11
CUST-10091,Rehaan Mahajan,latasiddharth@example.org,+917183934792,Dubai,2024-05-28
CUST-10092,Yagnesh Sankaran,samrayashoda@example.net,07032208081,Abu Dhabi,2025-06-17
CUST-10093,Samesh Bawa,balzashil@example.com,08043607910,Ajman,2025-06-14
CUST-10094,Nitesh Krish,matthewsarin@example.org,04019275699,Sharjah,2025-11-24
CUST-10095,Balveer Garg,bsani@example.org,8437943753,Sharjah,2024-07-20
CUST-10096,Pranav Jaggi,otripathi@example.com,+911908013655,Ajman,2024-08-18
CUST-10097,Chaman Edwin,eiravati71@example.com,6244934382,Ajman,2024-06-26
CUST-10098,Madhav Kakar,sehgalsara@example.net,03972451745,Abu Dhabi,2025-08-28
CUST-10099,Aadhya Saxena,turvishroff@example.net,1881191377,Sharjah,2025-08-09
CUST-10100,Leela Chokshi,senguptaayushman@example.com,3414103268,Abu Dhabi,2024-11-13
CUST-10101,Chaman Narang,shaurya61@example.com,06883884393,Ajman,2024-06-24
CUST-10102,Bhavya Thaker,aryabanik@example.org,02002339698,Abu Dhabi,2024-09-23
CUST-10103,Udant Jha,tsinghal@example.org,+916765278614,Sharjah,2024-09-04
CUST-10104,Chaitanya Mahajan,biswasekansh@example.org,+917605961192,Ajman,2025-03-24
CUST-10105,Mohini Mistry,omgauri@example.com,+916645174937,Dubai,2026-02-08
CUST-10106,Shivansh Kala,hravel@example.org,07097367610,Sharjah,2024-05-14
CUST-10107,Rajata Bhandari,aarnavdutt@example.net,+916710772656,Ajman,2025-10-15
CUST-10108,Saanvi Randhawa,kala71@example.net,5648886435,Dubai,2025-07-05
CUST-10109,Joshua Murthy,plad@example.com,08628904721,Abu Dhabi,2025-07-01
CUST-10110,Vanya Gour,baldevansh@example.net,+911444755269,Sharjah,2026-01-19
CUST-10111,Nisha Raghavan,edutta@example.net,04492449001,Abu Dhabi,2024-08-19
CUST-10112,Shivansh Nair,daksh13@example.org,9590670573,Sharjah,2026-02-06
CUST-10113,Ryan Jain,alexander91@example.net,05810013527,Abu Dhabi,2025-03-14
CUST-10114,Aarav Kurian,vanshalata@example.com,03817240037,Ajman,2025-01-17
CUST-10115,Mason Jani,fpillai@example.net,0537665950,Ajman,2024-07-15
CUST-10116,Zashil Mani,shahonkar@example.org,07503736679,Abu Dhabi,2025-02-19
CUST-10117,Frado Sharma,ochander@example.net,06138124768,Ajman,2025-01-09
CUST-10118,Neel Murty,msarkar@example.com,6800663078,Dubai,2024-06-15
CUST-10119,Viraj Kade,manbirsalvi@example.com,06168967649,Abu Dhabi,2026-01-21
CUST-10120,Xalak Swaminathan,badamirayaan@example.com,03826008930,Abu Dhabi,2025-08-30
CUST-10121,Girik Puri,shauryagrewal@example.org,8020871999,Sharjah,2025-06-30
CUST-10122,Anita Sarma,gabrielpathak@example.org,+917930359757,Ajman,2024-06-02
CUST-10123,Nandini Tak,advaychaudhari@example.com,+912579687618,Dubai,2025-08-25
CUST-10124,Sathvik Master,gabaekaja@example.com,02191499328,Ajman,2025-08-24
CUST-10125,Oni Golla,kamyabatra@example.net,5591382531,Sharjah,2024-08-28
CUST-10126,Simon Lall,jasonlall@example.net,+917270127887,Abu Dhabi,2025-12-02
CUST-10127,Eta Grover,manyamallick@example.net,03589745444,Ajman,2026-01-13
CUST-10128,Kiaan Bath,prashadabhiram@example.net,03101225193,Dubai,2025-11-21
CUST-10129,Harini Dave,brindarajagopalan@example.net,07209326377,Ajman,2025-08-16
CUST-10130,Pushti Seth,hpurohit@example.com,+918576927356,Dubai,2025-10-08
CUST-10131,Oliver Tank,girindra70@example.com,0317618931,Dubai,2025-07-28
CUST-10132,Chameli Srinivasan,kalazaitra@example.com,+918280187420,Abu Dhabi,2025-03-02
CUST-10133,Anamika Deshpande,yochana57@example.org,8867088541,Sharjah,2024-09-16
CUST-10134,Simon Gera,samifalak@example.org,4701401836,Dubai,2025-11-01
CUST-10135,Sai Sunder,oscarnadkarni@example.org,02107214402,Sharjah,2025-02-15
CUST-10136,Hritik Deol,rrajan@example.org,7494932765,Dubai,2024-06-22
CUST-10137,Chaaya Sankaran,bsubramanian@example.net,+917283814416,Abu Dhabi,2024-06-19
CUST-10138,Eesha Deol,riatank@example.org,07992024481,Dubai,2025-04-15
CUST-10139,Irya Jain,matthewgara@example.com,5195049071,Sharjah,2025-01-01
CUST-10140,Oeshi Bumb,skar@example.com,05254793158,Ajman,2025-06-14
CUST-10141,Ranveer Dayal,samakshrama@example.org,+911641852791,Abu Dhabi,2026-01-06
CUST-10142,Chasmum Tak,chatreshchandra@example.com,09802989454,Ajman,2024-09-09
CUST-10143,Lohit Minhas,ramachandranmichael@example.net,00884892537,Sharjah,2026-04-03
CUST-10144,Kevin Soman,pillayabha@example.org,01399619744,Abu Dhabi,2024-11-02
CUST-10145,Yoshita Wable,nloyal@example.net,02682503233,Ajman,2025-07-25
CUST-10146,Avni Puri,ubains@example.com,+912735034314,Abu Dhabi,2024-07-25
CUST-10147,Nitesh Bains,ebutala@example.net,05950945590,Dubai,2026-03-05
CUST-10148,Peter Soman,danielzacharia@example.com,09214057080,Ajman,2025-07-21
CUST-10149,Jagrati Mann,kharemohammed@example.com,05016608518,Ajman,2025-07-28
CUST-10150,Odika Kala,bhavika63@example.com,+914038468629,Dubai,2025-12-21
CUST-10151,Ayaan Soni,champak30@example.net,7193752265,Dubai,2025-10-11
CUST-10152,Azaan Tank,bmanne@example.org,+910939945845,Abu Dhabi,2026-01-06
CUST-10153,Gautami Sharma,neelimadevan@example.org,7391513219,Sharjah,2026-01-16
CUST-10154,Darpan Kala,dalbirboase@example.com,0969711425,Abu Dhabi,2024-11-19
CUST-10155,Daksh Bhavsar,dbuch@example.net,+914836891873,Abu Dhabi,2025-01-09
CUST-10156,Darika Pandit,mravi@example.org,+910249514748,Ajman,2025-05-03
CUST-10157,Anamika Sant,soodtheodore@example.com,03014067766,Ajman,2025-02-28
CUST-10158,Hitesh Amble,mandadaniel@example.com,+913892255877,Abu Dhabi,2024-11-27
CUST-10159,Patrick Garde,ryanpanchal@example.net,+914245043531,Ajman,2024-05-07
CUST-10160,Prisha Bobal,kandalila@example.com,+918344960072,Ajman,2025-05-30
CUST-10161,Ayaan Kashyap,zashil03@example.net,07601445548,Ajman,2025-01-13
CUST-10162,Varenya Virk,bandiriya@example.com,+919835895282,Ajman,2025-04-16
CUST-10163,Rudra Brar,khalsatheodore@example.org,+910412607466,Ajman,2024-05-02
CUST-10164,Turvi Ramachandran,frado83@example.net,+914219172293,Dubai,2024-05-05
CUST-10165,Warda Hayre,apandit@example.net,0941195365,Abu Dhabi,2025-03-28
CUST-10166,Fiyaz Ganesan,vprashad@example.net,+917499948609,Dubai,2025-11-26
CUST-10167,Wriddhish Ray,davehemani@example.com,7656928030,Sharjah,2024-08-05
CUST-10168,Vihaan Mitter,zayyanramaswamy@example.com,03014463313,Dubai,2025-09-24
CUST-10169,Tanveer Das,jganesh@example.com,6263954176,Ajman,2025-05-24
CUST-10170,Kevin Jhaveri,anmolkrishnamurthy@example.org,08894524477,Abu Dhabi,2024-06-27
CUST-10171,Naksh Singh,shivansh72@example.net,4342006856,Dubai,2024-06-11
CUST-10172,Udant Brar,aayushpandit@example.org,09982159352,Ajman,2026-04-02
CUST-10173,Ronith Madan,jagvi93@example.com,08054397408,Ajman,2026-04-05
CUST-10174,Fitan Johal,mannlucky@example.net,+918984277671,Abu Dhabi,2026-01-31
CUST-10175,Vedant Datta,ishasaini@example.org,08131460235,Dubai,2025-01-10
CUST-10176,Aryan Mohan,neelima18@example.net,08406410592,Ajman,2025-05-20
CUST-10177,Qabil Mitra,pratyush78@example.org,7726568234,Dubai,2025-11-22
CUST-10178,Brijesh Lalla,etaram@example.net,8473503319,Dubai,2026-01-08
CUST-10179,Pallavi Andra,ravalisha@example.org,+919467810519,Sharjah,2024-04-25
CUST-10180,Caleb Sachar,ikuruvilla@example.org,0533725933,Dubai,2026-02-25
CUST-10181,Rudra Sandhu,ctank@example.com,+910570711414,Ajman,2026-04-06
CUST-10182,Mugdha Bassi,teerth28@example.org,01898930385,Ajman,2024-09-02
CUST-10183,Harini Iyer,vrishti94@example.net,4303178935,Abu Dhabi,2024-08-05
CUST-10184,Idika Bajwa,rachitachaudry@example.org,03419348741,Sharjah,2026-01-28
CUST-10185,Harshil Ben,xgrover@example.com,8188411590,Abu Dhabi,2024-11-26
CUST-10186,Ekapad Sandhu,sanyabarman@example.net,4585292809,Ajman,2025-08-22
CUST-10187,Ira Naik,lnadig@example.com,+918184728775,Ajman,2025-01-11
CUST-10188,Warinder Narang,mahika10@example.com,3367197151,Dubai,2025-05-03
CUST-10189,Simon Iyengar,kundajeet@example.com,01184820069,Sharjah,2025-12-16
CUST-10190,Madhav Loyal,vinaya88@example.net,00186060379,Abu Dhabi,2024-08-18
CUST-10191,Yauvani Palla,eshankar@example.org,7931584565,Dubai,2025-01-28
CUST-10192,Harshil Trivedi,pahal45@example.org,6324154082,Abu Dhabi,2025-09-24
CUST-10193,Pushti Date,akshayrastogi@example.org,4950368898,Ajman,2026-04-03
CUST-10194,Jalsa Sem,barkhasodhi@example.net,+913778041464,Abu Dhabi,2025-04-08
CUST-10195,Upasna Hari,gargfiyaz@example.org,02411336191,Sharjah,2025-12-04
CUST-10196,Robert Prabhakar,saumya95@example.org,05649315241,Sharjah,2025-08-11
CUST-10197,Dalbir Chand,charanwable@example.net,08344883841,Ajman,2024-04-19
CUST-10198,Dayamai Dubey,shivani34@example.net,6134463225,Ajman,2025-07-24
CUST-10199,Alexander Sekhon,nidhi91@example.org,7635910300,Sharjah,2025-07-02
CUST-10200,Om Radhakrishnan,chokshiutkarsh@example.org,+915013840028,Sharjah,2026-01-16
CUST-10201,Warda Pandya,qabil25@example.org,+913115936482,Dubai,2025-07-01
CUST-10202,Ekalinga Amble,faqidkrishnamurthy@example.com,04288348899,Ajman,2024-05-20
CUST-10203,Krisha Dey,harrisonbobal@example.org,+914242459188,Dubai,2025-12-31
CUST-10204,Kabir Dass,sarthakkant@example.org,6955208802,Dubai,2025-10-27
CUST-10205,Yatin Sagar,jasmit92@example.com,06505283268,Sharjah,2025-09-28
CUST-10206,Bhavini Pandey,chamansama@example.com,+919909244919,Sharjah,2024-09-07
CUST-10207,Joshua Sachdev,spall@example.org,6914132648,Dubai,2025-09-29
CUST-10208,Darpan Prabhakar,robertkumer@example.com,00518770587,Ajman,2024-10-15
CUST-10209,Chandresh Kota,dhawanaarna@example.net,9995499975,Dubai,2024-07-23
CUST-10210,Adweta Solanki,alexanderprasad@example.net,02386908631,Abu Dhabi,2024-04-27
CUST-10211,Ayaan Patil,fsaxena@example.net,03504644610,Dubai,2024-04-18
CUST-10212,Qabil Bajaj,goommen@example.org,6734811943,Dubai,2025-02-17
CUST-10213,Yashasvi Soman,nisha54@example.net,6382252084,Ajman,2026-02-21
CUST-10214,Abha Handa,mramaswamy@example.com,+917482722345,Sharjah,2025-09-15
CUST-10215,Dipta Chand,tripti85@example.net,03835795386,Dubai,2025-03-07
CUST-10216,Unni Murthy,nmann@example.net,+914487837284,Dubai,2024-11-28
CUST-10217,Patrick Ramachandran,yuvraj49@example.net,6408716181,Ajman,2024-07-19
CUST-10218,Damyanti Ghosh,ckunda@example.org,4304032231,Ajman,2025-02-20
CUST-10219,Yashoda Ahuja,badamitheodore@example.com,+919228988496,Ajman,2025-10-29
CUST-10220,Oeshi Padmanabhan,darikasarraf@example.org,09294648077,Abu Dhabi,2024-05-29
CUST-10221,George Dey,sarthak78@example.org,2990116844,Sharjah,2024-11-02
CUST-10222,Pooja Basak,fvaidya@example.net,5561393523,Sharjah,2025-12-18
CUST-10223,Pranav Shenoy,shankarkevin@example.com,05330418152,Dubai,2025-05-05
CUST-10224,Charles Merchant,aadhyamital@example.org,4311062384,Abu Dhabi,2024-04-21
CUST-10225,Tejas Sodhi,crout@example.net,+919875154808,Dubai,2026-03-28
CUST-10226,Bhavani Rajagopal,dugaljagat@example.net,+913464376407,Abu Dhabi,2024-12-13
CUST-10227,Nitesh Chand,oakganga@example.com,6918610882,Ajman,2026-02-14
CUST-10228,Dipta Tripathi,harinakshi35@example.com,+911050963011,Abu Dhabi,2026-03-30
CUST-10229,Anusha Natt,wkapoor@example.org,02360785372,Ajman,2024-09-17
CUST-10230,Siddharth Dara,mohammed73@example.org,00501228082,Abu Dhabi,2026-03-02
CUST-10231,Jeet Kohli,sawhneyjalsa@example.com,5455604620,Dubai,2024-08-31
CUST-10232,Kritika Virk,fdhawan@example.org,8378791720,Sharjah,2026-03-16
CUST-10233,Nikita Shroff,orai@example.com,0227911019,Abu Dhabi,2024-07-23
CUST-10234,Mugdha Narasimhan,rmittal@example.org,+918567187234,Abu Dhabi,2025-04-03
CUST-10235,Ganga Bansal,khatrimeera@example.org,02085333689,Abu Dhabi,2024-12-13
CUST-10236,Ayaan Khurana,ikbalgara@example.net,+910114654966,Dubai,2024-10-16
CUST-10237,Osha Vala,ynagar@example.com,+918120218798,Dubai,2024-10-18
CUST-10238,Yashawini Oza,krisha11@example.com,9827203113,Ajman,2024-12-15
CUST-10239,Abhimanyu Nazareth,krishdua@example.org,9860277921,Dubai,2024-12-24
CUST-10240,Jeevika Peri,xwalla@example.net,5488487891,Ajman,2024-05-17
CUST-10241,Kevin Konda,masonsangha@example.org,+914339557077,Sharjah,2025-05-28
CUST-10242,Atharv Dixit,mammenshravya@example.org,+919529428123,Dubai,2024-10-14
CUST-10243,Wahab Dutta,ubatta@example.com,9222693981,Abu Dhabi,2025-12-29
CUST-10244,Vasatika Mane,boommen@example.com,+914447045986,Dubai,2025-12-10
CUST-10245,Champak Sampath,hritikseshadri@example.org,03242858572,Dubai,2025-06-02
CUST-10246,Garima Walia,mohantysarthak@example.org,0838715113,Abu Dhabi,2024-04-28
CUST-10247,Suhani Bhandari,chakrabortydominic@example.net,+913705189074,Sharjah,2025-02-13
CUST-10248,Lakshit Seth,mtiwari@example.com,+911251168205,Ajman,2026-02-18
CUST-10249,David Sarkar,bbatta@example.com,09818628873,Abu Dhabi,2025-08-19
CUST-10250,Tejas Bala,pallavi36@example.net,1259465584,Dubai,2025-01-28
CUST-10251,Veda Ramanathan,ykeer@example.com,+913055396523,Dubai,2024-07-27
CUST-10252,Zilmil Bhatt,mistryzayyan@example.net,2472725410,Sharjah,2025-01-12
CUST-10253,Vaishnavi Gill,hayerleena@example.org,+910147311786,Dubai,2025-05-02
CUST-10254,Hemani Tank,balhaarbajwa@example.com,5610724312,Abu Dhabi,2024-04-23
CUST-10255,Shivansh Kari,gvasa@example.com,7885127766,Ajman,2024-08-08
CUST-10256,Arunima Bath,jsanghvi@example.com,07742536364,Abu Dhabi,2024-09-12
CUST-10257,Ayaan Pandey,wazirrana@example.org,1743327041,Abu Dhabi,2025-01-17
CUST-10258,Balvan Sem,pgupta@example.com,+910928190041,Dubai,2026-03-17
CUST-10259,Vyanjana Prabhu,pmandal@example.com,3739311208,Dubai,2025-10-12
CUST-10260,Nathan Walla,chakrabartifiyaz@example.org,+914077313631,Abu Dhabi,2025-09-03
CUST-10261,Mohini Mangat,jmohanty@example.net,06816339197,Abu Dhabi,2025-02-02
CUST-10262,Bimala Shroff,ucchal02@example.org,4842870100,Sharjah,2024-06-24
CUST-10263,Tanvi Shroff,vamakshisarraf@example.org,8812877024,Abu Dhabi,2026-01-17
CUST-10264,Forum Narain,priyagaba@example.com,+919244851198,Abu Dhabi,2025-02-28
CUST-10265,Barkha Sarkar,shivani64@example.net,0277255419,Sharjah,2025-05-07
CUST-10266,Gabriel Mani,bachittarchauhan@example.org,06667077114,Ajman,2025-03-31
CUST-10267,Tanay Edwin,gagantailor@example.com,03219879905,Sharjah,2025-05-28
CUST-10268,Urishilla Sarkar,jai77@example.org,9186852454,Ajman,2025-03-05
CUST-10269,Advika Kari,bpatel@example.net,4076864154,Sharjah,2024-11-09
CUST-10270,Daniel Ray,pathakwarjas@example.net,03865983787,Dubai,2024-04-08
CUST-10271,Pavani Johal,odasgupta@example.com,+910106814529,Abu Dhabi,2024-11-30
CUST-10272,Zaid Sarkar,iparmer@example.com,+915099334696,Abu Dhabi,2025-05-10
CUST-10273,Damini Lata,falansankar@example.net,7356569833,Ajman,2025-02-09
CUST-10274,Zinal Din,dbatra@example.org,0622397098,Sharjah,2024-09-22
CUST-10275,Akshay Srinivasan,dyalgirik@example.com,+913228846001,Sharjah,2024-09-03
CUST-10276,Lavanya Behl,dakshadalia@example.net,00697495161,Ajman,2024-08-13
CUST-10277,Lila Mand,pkalita@example.net,03377270468,Abu Dhabi,2024-12-12
CUST-10278,Yauvani Raman,maniurishilla@example.com,08167472049,Sharjah,2024-09-21
CUST-10279,Faris Narayanan,memonzaitra@example.com,2461880040,Dubai,2024-06-09
CUST-10280,Saanvi Konda,leenapatla@example.com,+911300332766,Abu Dhabi,2025-04-30
CUST-10281,Krisha Mangal,tbala@example.org,+918973612136,Dubai,2026-03-05
CUST-10282,Dalbir Walia,flanka@example.net,+912585337566,Abu Dhabi,2025-05-15
CUST-10283,Netra Gara,vanyashanker@example.com,07098784206,Ajman,2024-07-07
CUST-10284,Bahadurjit Ramesh,egoyal@example.com,06184227413,Dubai,2025-06-24
CUST-10285,Hemani Malhotra,vedantsekhon@example.net,+913683195664,Dubai,2025-06-21
CUST-10286,Sarthak Das,leeladalia@example.net,7238093734,Abu Dhabi,2025-09-27
CUST-10287,Gauri Chawla,divyarege@example.com,01408916925,Sharjah,2024-11-02
CUST-10288,Advika Deep,nimratminhas@example.net,06205873528,Dubai,2025-06-26
CUST-10289,Damini Kunda,rayaan41@example.org,03248839061,Abu Dhabi,2024-06-20
CUST-10290,Victor Rattan,netranatarajan@example.com,5086537832,Sharjah,2024-08-31
CUST-10291,Lohit Oommen,quincykakar@example.org,+910451512482,Abu Dhabi,2025-12-09
CUST-10292,Amruta Balay,ravelagastya@example.com,1265739008,Ajman,2025-07-29
CUST-10293,Jagat Bal,jayaramansiddharth@example.net,+917448421632,Sharjah,2025-11-29
CUST-10294,Mohammed Goyal,janaki19@example.org,07428060039,Ajman,2025-07-18
CUST-10295,Januja Atwal,groverekta@example.com,8724373442,Abu Dhabi,2025-08-03
CUST-10296,Patrick Nagar,balakrishnananay@example.net,9521916455,Ajman,2025-12-31
CUST-10297,Warinder Agarwal,surirachana@example.org,02547525826,Sharjah,2025-12-24
CUST-10298,Ekbal Karnik,ahluwaliatriya@example.org,+911100247322,Abu Dhabi,2024-11-01
CUST-10299,Warhi Parmer,zayankaul@example.org,01617257773,Ajman,2025-11-27
CUST-10300,Yatan Kari,hchakrabarti@example.org,+911769174404,Ajman,2024-05-20
CUST-10301,Darsh Rana,jyohannan@example.net,+916125412918,Ajman,2025-09-28
CUST-10302,Hema Pall,bgill@example.org,+912142635254,Dubai,2024-05-01
CUST-10303,Aradhana Amble,ibarad@example.net,02565185209,Sharjah,2024-11-30
CUST-10304,Zehaan Shere,simonshetty@example.org,00069291974,Ajman,2025-09-15
CUST-10305,Andrew Morar,hiral15@example.org,3335683055,Ajman,2025-08-26
CUST-10306,Pallavi Manne,dugarbaljiwan@example.org,7607564166,Sharjah,2024-07-26
CUST-10307,Victor Kulkarni,mangaldayamai@example.net,+913726876563,Ajman,2026-02-01
CUST-10308,Aarush Dani,guneet25@example.com,03748078716,Abu Dhabi,2024-09-01
CUST-10309,Dayita Naidu,tsawhney@example.org,9072078486,Ajman,2025-11-21
CUST-10310,Quincy Nazareth,oscar80@example.com,+911774110900,Sharjah,2025-02-12
CUST-10311,Ekapad Kalita,atisuresh@example.net,+917122749651,Abu Dhabi,2024-09-27
CUST-10312,Adya Krishnan,zaid73@example.com,+910157139880,Abu Dhabi,2024-09-28
CUST-10313,Advika Sachdev,harinakshi45@example.org,+917085561747,Sharjah,2026-03-04
CUST-10314,Chakradhar Dugar,ebhatia@example.org,+918104279021,Sharjah,2025-02-26
CUST-10315,George Chaudhuri,raivedika@example.com,5144471544,Dubai,2026-03-28
CUST-10316,Ryan Agrawal,aryan28@example.com,05594919430,Sharjah,2026-03-08
CUST-10317,Ekavir Mital,vanyanaik@example.com,05949391984,Abu Dhabi,2025-08-23
CUST-10318,Osha Boase,anaysane@example.com,6416009510,Sharjah,2024-08-28
CUST-10319,Hemal Agrawal,libnigupta@example.com,+913368384845,Abu Dhabi,2025-11-04
CUST-10320,Nachiket Nath,qbansal@example.net,8284436391,Dubai,2024-10-17
CUST-10321,Oeshi Raj,benjamingoyal@example.com,01921930634,Abu Dhabi,2025-03-24
CUST-10322,Daniel Mammen,ykibe@example.net,+913838159907,Ajman,2024-11-01
CUST-10323,Riya Kamdar,jboase@example.org,+918678032960,Dubai,2024-09-09
CUST-10324,Lavanya Nadkarni,yshukla@example.com,04210221790,Dubai,2024-07-31
CUST-10325,Kabir Sandhu,oviya78@example.net,06318156752,Sharjah,2025-09-03
CUST-10326,Hemang Dar,gadeudarsh@example.org,2265810250,Ajman,2024-07-16
CUST-10327,Kabir Mangal,parth36@example.net,2155856528,Ajman,2025-03-16
CUST-10328,Odika Halder,fborah@example.org,4030334883,Ajman,2024-06-25
CUST-10329,Dayita Joshi,baradchaman@example.org,+916161989100,Dubai,2024-10-04
CUST-10330,Jacob Pal,srattan@example.com,7471560387,Ajman,2025-03-22
CUST-10331,Meghana Sami,bahadurjit86@example.org,0389347124,Sharjah,2024-06-15
CUST-10332,Manbir Chokshi,jagat92@example.com,3652013756,Ajman,2025-10-21
CUST-10333,Rachana Sahni,emand@example.org,08028262322,Sharjah,2026-01-18
CUST-10334,Owen Gaba,wsrivastava@example.org,+917887906180,Sharjah,2024-08-16
CUST-10335,Gaurika Bhatia,lakshmisubramanian@example.org,4704955374,Dubai,2024-10-20
CUST-10336,Urmi Gokhale,cbalay@example.com,+913632087454,Sharjah,2024-04-22
CUST-10337,Ria Shukla,rtaneja@example.org,+913375557006,Sharjah,2025-10-28
CUST-10338,Yutika De,varenyakari@example.net,2450629078,Abu Dhabi,2025-11-20
CUST-10339,Frado Mitra,wpanchal@example.org,+914624541851,Dubai,2024-09-25
CUST-10340,Nidra Madan,guptawazir@example.com,02853529763,Ajman,2025-02-14
CUST-10341,Praneel Krish,henrychawla@example.com,02809647952,Dubai,2024-10-01
CUST-10342,Azaan Bose,sainisanya@example.org,07497369419,Sharjah,2024-10-29
CUST-10343,Niharika Kari,cmistry@example.com,03563092785,Abu Dhabi,2024-09-19
CUST-10344,Mitali Sha,raghav94@example.com,08155496193,Sharjah,2025-01-22
CUST-10345,Omkaar Mody,cmishra@example.org,+919927211239,Sharjah,2024-12-23
CUST-10346,Sudiksha Mody,gulatiabhimanyu@example.com,9279484998,Dubai,2025-04-18
CUST-10347,Anthony Aggarwal,ganeshjairaj@example.org,4299102101,Ajman,2024-05-09
CUST-10348,Megha Majumdar,qguha@example.net,9440405943,Ajman,2025-08-11
CUST-10349,Samesh Manne,waidagade@example.org,0072373552,Ajman,2024-07-07
CUST-10350,Hamsini Goel,kamdarvrishti@example.com,+916506498942,Ajman,2024-04-08
CUST-10351,Rudra Pingle,cheemaliam@example.org,3321508658,Abu Dhabi,2026-02-10
CUST-10352,Vamakshi Gour,andraabdul@example.net,+917073459638,Sharjah,2025-02-18
CUST-10353,Darpan Deep,trivediyadavi@example.net,0515965880,Dubai,2024-09-10
CUST-10354,Jagat Devan,pallwahab@example.net,+919106057015,Ajman,2025-10-18
CUST-10355,Ronith Sachar,azaansavant@example.org,5011536341,Ajman,2025-06-25
CUST-10356,Dayita Ahluwalia,pchandran@example.org,09509792991,Ajman,2025-06-20
CUST-10357,Keya Garde,ridhi85@example.net,+910986511263,Sharjah,2024-10-06
CUST-10358,Eta Oak,ishanvi48@example.net,+913392247002,Abu Dhabi,2025-04-03
CUST-10359,Raghav Samra,sgaba@example.com,+915117136741,Ajman,2025-05-02
CUST-10360,Vedant Naik,kulkarnipraneel@example.net,5461782432,Sharjah,2025-03-30
CUST-10361,Meera Loyal,ishanidas@example.org,05911971973,Sharjah,2024-04-21
CUST-10362,Harsh Naidu,dalbirchaudry@example.net,8925023900,Dubai,2024-10-06
CUST-10363,Ekapad Kale,bedisanya@example.org,+912901824224,Dubai,2024-10-15
CUST-10364,Arjun Kohli,aadi00@example.com,00174907365,Sharjah,2024-12-03
CUST-10365,Eshana Khanna,bhavini78@example.org,1377295432,Ajman,2024-04-11
CUST-10366,Samaksh Shan,yauvanipanchal@example.org,+919090709130,Dubai,2025-06-29
CUST-10367,Ekaja Karan,samuelsandal@example.com,+911389656329,Dubai,2026-03-25
CUST-10368,Eta Comar,zarna30@example.net,+919782316313,Abu Dhabi,2025-01-24
CUST-10369,Vrinda Varty,aadi29@example.com,01706624355,Dubai,2024-08-22
CUST-10370,Anthony Pant,sai54@example.com,9005847530,Ajman,2025-10-24
CUST-10371,Frederick Mital,jvarty@example.com,+918300092054,Dubai,2024-10-25
CUST-10372,Samesh Palla,duaadweta@example.org,05744689219,Dubai,2026-02-05
CUST-10373,Gautam Nanda,johaldalaja@example.net,1936193597,Dubai,2024-06-13
CUST-10374,Krisha Mann,ekani88@example.com,02663565869,Abu Dhabi,2024-12-02
CUST-10375,Eesha Bhat,bhatnagarvedika@example.org,05696005060,Dubai,2025-08-30
CUST-10376,Vedhika Kumar,ysoni@example.com,05450076506,Sharjah,2026-02-17
CUST-10377,Qarin Puri,ekaja55@example.net,03114745382,Ajman,2025-05-05
CUST-10378,Chandran Vasa,brindaloke@example.net,5046334416,Ajman,2024-11-29
CUST-10379,Maanav Sehgal,nidhidevi@example.com,02141802638,Sharjah,2024-05-19
CUST-10380,Joshua Seshadri,advik60@example.org,09934237366,Dubai,2026-01-03
CUST-10381,Harshil Dasgupta,forum86@example.net,3924109905,Dubai,2026-03-26
CUST-10382,Yash Andra,munshiaadi@example.com,03108659523,Abu Dhabi,2024-06-16
CUST-10383,Frederick Pall,hritik84@example.org,02158035119,Dubai,2025-04-07
CUST-10384,Nikita Bera,nirjasarma@example.com,00389924195,Abu Dhabi,2025-08-21
CUST-10385,Ganga Nazareth,girishgulati@example.net,4076696529,Dubai,2025-07-14
CUST-10386,Wahab Aggarwal,hdave@example.com,+917854676443,Sharjah,2024-11-12
CUST-10387,Upma Kala,chackochasmum@example.net,+913486405897,Sharjah,2024-06-22
CUST-10388,Radhika Ganesh,dhruvsur@example.net,05206584908,Abu Dhabi,2024-05-29
CUST-10389,Rehaan Taneja,radhikamajumdar@example.org,6609627894,Sharjah,2026-02-05
CUST-10390,Siya Seth,borayashoda@example.com,+911557267095,Dubai,2025-09-11
CUST-10391,Saksham Dada,tdayal@example.com,+911276533440,Abu Dhabi,2024-08-20
CUST-10392,Saksham Dani,forum11@example.com,01015678332,Abu Dhabi,2025-07-10
CUST-10393,Ikbal De,vinayasidhu@example.org,05754101569,Ajman,2025-06-23
CUST-10394,Anvi Rau,omkala@example.com,04667534026,Dubai,2025-07-12
CUST-10395,Hemal Chaudry,benjaminjayaraman@example.com,+916234412385,Abu Dhabi,2025-02-12
CUST-10396,Shivani Trivedi,palanvasatika@example.org,2205330704,Sharjah,2025-12-04
CUST-10397,Zansi Doctor,gokhalevinaya@example.org,01698808019,Sharjah,2024-10-21
CUST-10398,Naksh Zacharia,zsha@example.com,+919354457150,Sharjah,2024-10-26
CUST-10399,Zehaan Varughese,ramachandranwidisha@example.net,08210338911,Abu Dhabi,2024-06-22
CUST-10400,Brijesh Bhavsar,omya50@example.net,9313962589,Dubai,2026-01-26
CUST-10401,Reva Deep,thakurazad@example.org,06643490939,Abu Dhabi,2025-06-22
CUST-10402,Maanas Khare,cwason@example.org,+911674429905,Sharjah,2024-10-12
CUST-10403,Jagdish Konda,aadiratti@example.org,01621001283,Dubai,2024-04-30
CUST-10404,Mason Kanda,abeer35@example.org,09250144118,Ajman,2026-01-21
CUST-10405,Jagat Ahuja,aradhanabehl@example.com,06940538079,Abu Dhabi,2025-02-08
CUST-10406,Benjamin Mand,semchaaya@example.net,06405199850,Dubai,2025-11-13
CUST-10407,Eiravati Bhagat,harshilbhardwaj@example.net,01425256798,Ajman,2025-01-08
CUST-10408,Ekavir Sarkar,fariq24@example.org,+911374132235,Abu Dhabi,2024-08-11
CUST-10409,Dakshesh Kannan,william74@example.org,4176840404,Ajman,2024-11-09
CUST-10410,Devansh Gaba,aarush33@example.org,4454717471,Dubai,2024-12-31
CUST-10411,Hemang Murthy,forumbhatnagar@example.org,9458529358,Ajman,2025-12-14
CUST-10412,Aditya Mall,bhattchaitanya@example.org,6979254919,Dubai,2024-04-24
CUST-10413,Wyatt Deol,madhavi31@example.org,+912474486870,Dubai,2025-09-05
CUST-10414,Aarush Sundaram,amrutasharaf@example.org,+917380376148,Abu Dhabi,2025-01-07
CUST-10415,Tanveer Raju,teerth30@example.com,5540720141,Sharjah,2024-11-13
CUST-10416,Nikita Kashyap,vihaan91@example.org,+911888166542,Sharjah,2025-04-25
CUST-10417,Dakshesh Cherian,harifaris@example.com,00470669541,Abu Dhabi,2026-02-22
CUST-10418,Om Purohit,bishakha86@example.net,00725052933,Sharjah,2025-03-24
CUST-10419,Jasmit Biswas,narayananvihaan@example.org,+915047022896,Ajman,2025-04-21
CUST-10420,Urvi Sahota,hredhaan96@example.org,+910072266958,Dubai,2025-09-04
CUST-10421,Kashvi Ganesan,upasna36@example.com,02063695688,Abu Dhabi,2025-04-07
CUST-10422,Raksha Dar,annenidra@example.net,+918711431000,Dubai,2025-10-11
CUST-10423,Siya Bhasin,harshilcomar@example.org,3657538905,Ajman,2025-04-24
CUST-10424,Mahika Soni,inath@example.com,+917154109624,Abu Dhabi,2024-06-03
CUST-10425,Shaurya Vig,garimaedwin@example.org,+916556574768,Dubai,2026-03-09
CUST-10426,Reyansh Kashyap,upadmanabhan@example.com,5001948356,Ajman,2025-12-07
CUST-10427,Dayita Verma,bhaktayadavi@example.net,+914797836886,Dubai,2025-07-29
CUST-10428,Harish Shan,dev42@example.com,03598554843,Sharjah,2025-06-21
CUST-10429,Wakeeta Om,jsachdev@example.net,0717754538,Ajman,2025-09-04
CUST-10430,Pavani Bath,harish33@example.com,9623751013,Ajman,2024-11-05
CUST-10431,Chatresh Salvi,nathaniel38@example.net,07682900637,Sharjah,2025-11-15
CUST-10432,Neelima Tata,zayyanbansal@example.net,00364073454,Dubai,2025-08-09
CUST-10433,Daniel Kar,vrittivarughese@example.net,5297888659,Abu Dhabi,2024-10-01
CUST-10434,David Patla,pahal36@example.net,8811440985,Sharjah,2024-11-09
CUST-10435,Wishi Seth,mishradarpan@example.net,00787757384,Sharjah,2024-09-30
CUST-10436,Reyansh Karpe,chakrika89@example.com,03246082730,Abu Dhabi,2025-10-30
CUST-10437,Wridesh Kumar,garabrijesh@example.org,7821875667,Dubai,2025-06-29
CUST-10438,Ojas Vig,abdul83@example.net,05303285073,Dubai,2025-11-26
CUST-10439,Eiravati Prashad,mekhala42@example.org,+918524574989,Dubai,2024-08-14
CUST-10440,Frederick Kar,andrairya@example.com,7411145549,Sharjah,2024-07-09
CUST-10441,Yachana Buch,boradarpan@example.org,04759695422,Ajman,2024-11-04
CUST-10442,Ubika Basak,fariqwali@example.com,0335378812,Ajman,2026-01-26
CUST-10443,Vanya Pradhan,fdevan@example.com,+912741079272,Ajman,2025-05-09
CUST-10444,Jackson Bassi,gunbirparikh@example.com,+912109083451,Ajman,2024-05-10
CUST-10445,Daniel Lall,daksheshshere@example.org,05139986293,Dubai,2026-02-18
CUST-10446,Riya Rattan,goommen@example.net,+911827658062,Dubai,2024-07-23
CUST-10447,Harita Mann,zansi97@example.net,+915079793240,Dubai,2024-08-31
CUST-10448,Yashoda Dhawan,lissac@example.com,5741178199,Dubai,2024-08-05
CUST-10449,Nakul Upadhyay,kashish11@example.net,2315477688,Ajman,2025-03-10
CUST-10450,Idika Kala,nimratpanchal@example.net,01548769923,Dubai,2025-11-28
CUST-10451,Oviya Badami,kantarin@example.com,+918242287016,Abu Dhabi,2025-09-26
CUST-10452,Imaran Konda,pushti53@example.com,+910070510687,Abu Dhabi,2025-02-24
CUST-10453,Panini Padmanabhan,chakrika29@example.org,+913410499616,Ajman,2024-11-13
CUST-10454,Dipta Nagar,ikshita42@example.org,0200765468,Abu Dhabi,2024-04-25
CUST-10455,Vedhika Bera,rrajagopalan@example.com,09027644341,Abu Dhabi,2025-08-31
CUST-10456,Ekalinga Devi,rehaan53@example.org,+916648455964,Abu Dhabi,2026-03-19
CUST-10457,Widisha Dutt,qdixit@example.net,02489440084,Abu Dhabi,2024-09-13
CUST-10458,Chavvi Arora,ekbal30@example.net,5037911246,Sharjah,2024-07-27
CUST-10459,Ucchal Yadav,ryan01@example.com,08133042270,Sharjah,2025-04-05
CUST-10460,Jason Deshpande,mittalsudiksha@example.com,8590078178,Sharjah,2024-04-23
CUST-10461,Frederick Lalla,npal@example.org,6166147026,Ajman,2025-01-01
CUST-10462,Champak Tella,morarnitesh@example.com,2563166742,Ajman,2024-08-25
CUST-10463,Mitali Sur,rvyas@example.com,9826459964,Dubai,2025-02-07
CUST-10464,Advika Deshmukh,chaudhryishaan@example.net,9294789757,Dubai,2025-06-13
CUST-10465,Aarnav Sidhu,qmital@example.net,0064245161,Dubai,2025-06-07
CUST-10466,Dalaja Sarin,manthangoswami@example.com,+916239145785,Sharjah,2025-01-06
CUST-10467,Gauri Goda,rmall@example.com,5925948699,Dubai,2026-03-28
CUST-10468,Manan Sant,tpatla@example.net,2398014999,Dubai,2025-12-06
CUST-10469,Chavvi Bajwa,sbhavsar@example.net,02599752748,Ajman,2024-05-07
CUST-10470,Yash Patel,madhav19@example.org,1595487242,Abu Dhabi,2025-07-17
CUST-10471,Qarin Virk,rthakur@example.org,+915265243930,Sharjah,2025-02-22
CUST-10472,Chanchal Patla,pantfaqid@example.com,0455840141,Dubai,2025-11-10
CUST-10473,Anya Suresh,ilata@example.net,+918505686303,Abu Dhabi,2026-02-01
CUST-10474,Lipika Sani,abhiram82@example.net,00215240037,Abu Dhabi,2025-02-05
CUST-10475,Jairaj Gera,aggarwalvedika@example.org,7370254569,Ajman,2025-11-16
CUST-10476,Rohan Krish,reddybhavya@example.org,+914789562815,Abu Dhabi,2025-03-13
CUST-10477,Atharv Maharaj,nakul79@example.com,4256640967,Abu Dhabi,2025-02-05
CUST-10478,Ekiya Bajwa,prasadirya@example.net,02379157865,Dubai,2025-08-03
CUST-10479,Chasmum Din,lila24@example.net,05410708107,Dubai,2024-12-08
CUST-10480,Jason Khanna,shravyadara@example.org,00203346089,Sharjah,2025-05-31
CUST-10481,Zarna Kaur,ukunda@example.com,7379051505,Dubai,2024-05-07
CUST-10482,Yutika Choudhary,desaikeya@example.com,5684161115,Sharjah,2026-02-27
CUST-10483,Raksha Datta,tgara@example.org,07176060517,Abu Dhabi,2025-10-24
CUST-10484,Jeremiah Nagar,subramanianjeevika@example.org,9285898298,Sharjah,2024-05-13
CUST-10485,Frado Goswami,laksh17@example.org,01759469348,Ajman,2024-11-24
CUST-10486,Neelima Chaudhari,prakashaarnav@example.net,+917508071526,Abu Dhabi,2025-05-06
CUST-10487,Laksh Raghavan,harrison57@example.net,0192945036,Sharjah,2025-06-23
CUST-10488,Sai Manne,mannechaitanya@example.org,+910155164672,Abu Dhabi,2025-08-05
CUST-10489,Ikshita Buch,anshram@example.org,02435294844,Dubai,2025-02-22
CUST-10490,Udant Deshpande,deepa97@example.net,0629376183,Dubai,2025-07-10
CUST-10491,Triveni Tiwari,asura@example.net,+910841366326,Dubai,2026-02-20
CUST-10492,Avi Oak,taratoor@example.com,+910610547173,Dubai,2024-11-28
CUST-10493,Gayathri Manda,etoor@example.com,5453737894,Dubai,2024-11-27
CUST-10494,Niharika Bhatia,jsarna@example.org,02753544589,Ajman,2024-10-31
CUST-10495,Lohit Dewan,gaurav81@example.net,05741512711,Sharjah,2025-05-26
CUST-10496,Wakeeta Jani,achanda@example.org,00629388110,Ajman,2025-02-26
CUST-10497,Dominic Kapur,jdutta@example.org,0512954362,Sharjah,2026-04-02
CUST-10498,Neha Kale,harinakshisarma@example.net,1945285128,Abu Dhabi,2025-03-26
CUST-10499,Varenya Garde,odani@example.com,+912679957130,Sharjah,2026-01-06
